0,1
poorte van Ste. Marien-kerckhoff,[]
Vredenborgh,['vredenburg']
tgeheele lant,[]
Nieuwe Doelen,[]
Steenwijk,['steenwijk']
ie thon  an die Meerkant,[]
duytschen,[]
op de kaeck besyden stathuys,[]
Achelen,['machelen']
het tIJe,[]
Kermerlandt,[]
Magdelenenconvent,[]
Amsterdams,['amsterdam']
't oosteijnde op de gorsinge van Rumoort,[]
"dezen vreijheijt,",[]
die Groene wech,[]
"Cromvoirdt,",['cromvoirt']
het land van Schouwen,[]
Rhynstroom,[]
Grob,['grou']
Ter Tholen,[]
Leijden,['leiden']
die Meer,['made']
sint Annen tot Delft,[]
St. Katherin,[]
Berkel,['beersel']
convents sint Anne binnen Schiedam,[]
Maerckt,['marke']
sint Anna binnen Delft,[]
Sprowouwerpoort,[]
den vaert tusschen Utrecht ende Amsterdam,[]
choortoorn van Ste Marien-kercke,[]
Nije vaert,[]
Tongerlo.,['tongerlo']
Lant van Bueren,[]
Engelen,['tegelen']
Spanjaers,[]
die Spare voer Haerlem,[]
kerchoven,['kerschoten']
Rixtel,[]
ontrent den Reguliers,[]
St. (Jans) poort,[]
den Reguliersdijck,[]
"Helvoird,",['helvoirt']
"Wijck op Zee,",[]
Hollandt,['hoek van holland']
in Waterlant ontrent Amsterdam,[]
molenbrugge,['roesbrugge-haringe']
't sluijsgat,[]
Osch,['as']
St. Margrieten clooster,[]
VtreCht,['utrecht']
Bergen Henegou,[]
beoosten-Duijveland,[]
tnoorder quartier bij Amsterdam,[]
Brabant,['braibant']
Den Haege,['the hague']
Raedhuijse,[]
Fuuijck,[]
Poolen,['olen']
Leeuwen,['leeuwen']
nederlanden,['neerwinden']
Vrieslandt,['biesland']
Kouckercke,['koolkerke']
Maerslus,[]
Goude in sint Catharynenconvent,[]
Bruesse,['brussels']
Peerdevelt,[]
die Ouden Nonnen- ende sint CeciliÃ«conventen binnen Amsterdam,[]
choortoorne van St. Marien-kerck,[]
der Magdaleenen binnen der Goude,[]
Ste. Pauwels clooster,[]
Middelburch  in Zelandt,[]
Steen-,['stene']
Ceciliën,[]
Brabantsters,[]
een rijck convent binnen Hoorn,[]
Coninckstraet,[]
Spaeren,['spankeren']
Minnebroeders clooster,[]
Hollant,['hoek van holland']
Armuyden,['arnemuiden']
"het eiland van Duijveland,",[]
Caghe,[]
Blocken,[]
ontrent sint Anthonisdijck,[]
Kersbergh,['hertsberge']
Haeren,['raeren']
Aernem,['arnhem']
clooster van St. Geertruyden,[]
Gorcom,['gorinchem']
Westpoorte,['westouter']
Sutphen,['zutphen']
tcasteel tot Antwerpen,[]
Penningsveer,[]
Ouderwerckâ,['ouderkerk aan de amstel']
het Calf,[]
Dortssche Weerders,[]
Orthen,['orthen']
St. Bavoss kerck,[]
Jselham,[]
de Meer voer Haerlem,[]
buyten Haerlem,[]
den stadthuys,[]
Goeverwellensluys,[]
Grobendonq,['grobbendonk']
het Nieuwe Hoofd,[]
Ander Wadding,[]
dezen vreijheijt,[]
straet poort,[]
Gelre,['gelrode']
Die guesen branden in Waterlant ende ontrent Leyden,[]
Venetianen,[]
Leckendijck tusschen 't Spoel  ende Mr. Timons huys,[]
Marienweertse drift,[]
Van der Goude,[]
die reformeerde kerck Backeness.,[]
"brugge, die van de Hout of Boss",[]
het gors van Zonneschijn,[]
St. Katerine brug,[]
Groninger,['groningen']
"Gansooijen,",[]
Machlen,['machelen']
Westerbeerze,[]
Soutelande,['zoutelande']
sint Elyzabethsgasthuys,[]
Gouda,['gouda']
Westwateringe,[]
den convent der Nieuwe Nonnen ter Lely,[]
t eijland van Over-Slake,[]
Merckt,['merkem']
der voors. vreijheijt,[]
Diimerdijck,[]
Wou,['wouw']
Vriessche,[]
Valois,[]
't Vael,[]
Delfhaven,['delfshaven']
Duijtsen,[]
Ziericsee,['zierikzee']
tgrote Baghijn hoff,[]
de baane van Mastrigt op Holland .,[]
Bommenede,[]
Hout of Boss,[]
Vlissingers,['vlissingen']
Windesem,['winsum']
Kessel,['kessel']
Vlaerdingen,['vlaardingen']
die Yseldijck bij Deventer,[]
tconvent van sint Agnieten tAmsterdam,[]
Gasthuispoorte,[]
Neemweegen,['nijmegen']
Beghinoff,[]
t convent ter Lelie,[]
sint Agnieten tot Schoonhoven,[]
Magdalenenconvent binnen der Goude,[]
Coppelle,['kapellen']
Abspoel,[]
mechelen,['mechelen']
Eyckendonck,[]
Schotte,['schoten']
den Magdalenen begraven binnen Amsterdam,[]
Weverwelle,['wavreille']
Waterpoortgen,[]
Noordampoorte,[]
Duyenvhoodt(?) te Kyemerhoeke(?),[]
St. Gangloff kerck,[]
Bra,['bra']
het bosch toe voer Haerlem,[]
Thunis,[]
ontrent die Meer,[]
St. Michiels,['sint-michiels']
Vredenborch,['vredenburg']
int lant van Valckenberch,[]
Lyesvelt,['liesveld']
die Papauwenkerck,[]
Rammitgen bij Vlyssingen,[]
convent van de Oude Nonnen binnen Amsterdam,[]
te Leprosen buijten Haerlem,[]
Sassen buyten Leyden,[]
de Meer,['de meern']
Nieustadt,[]
S'hertogenbossche,"[""'s-hertogenbosch""]"
aan de zuijdzijde van de kerke te Borrendamme,[]
"brings meule hadde gestaen, eene voor de ooster-",[]
buyten den Cleywech,[]
de Kerckstraete,[]
Nederlanden,['neerwinden']
Mastricht,['maastricht']
Litthoyen,['lithoijen']
de Wetering ontrent die Caege,[]
de Wijck,['de wijk']
Duijveland,[]
Beest,['beesd']
Vlissing,['vlissingen']
St. Janskerck,[]
Duynkercken,[]
Merck,['perk']
den Collaciebroerskerck,[]
Zande,['gent']
t Zant,[]
de tolbrug,[]
hierlandtsche,[]
Geertruydenberch,['geertruidenberg']
Zandis,[]
in Sinte Barberkerck  bij het Pothuysken,[]
Barteliorrisstraet,[]
Diimmermeer,['emmermeer']
het convent van den Regulieren in de Beverwijck,[]
St Truyen,['sint-truiden']
tVeer,[]
Op die Meer,['prinsenbeek']
Heemste,['heemstede']
Haerlem die gerevolteerde steden van Hollant,[]
Tielrewaert,[]
Fuuijcke,[]
Stathuijs,[]
den Marct,[]
die revolteerde steden in Hollant,[]
Amsterdam in tIJe,[]
St. Jans ende St. Katerine en brugge,[]
Sperwouwerpoort,[]
Reewijck,['meerwijck']
Den Briel,['brielle']
"Druenen,",[]
die Collaciebroederskerk,[]
Sassum,['wanssum']
den Regulierspoort,[]
Soeterwoude,['zoeterwoude-dorp']
Sparendam,[]
thuijs ter Cleeff,[]
Leeuwerden,['leeuwarden']
sint Agnieten,[]
den Drie Coningen binnen Zirckzee,[]
Monickedam,['monnickendam']
t Magdalenenconvent,[]
die Cecilien kercke,[]
die Beverwijck.,[]
"die dorpen, gelegen onder Alcmaer ende Hoorn",[]
Heusden,['heusden']
op die Meer,['prinsenbeek']
Bosche,['doische']
Dampoorte,[]
het convent van Zijl,[]
Gro-,['grou']
Bacanessegracht,[]
Raemen,['raeren']
het huys ter Hart,[]
Campen,['kampen']
de dijk van Gootkens Niouwland,[]
In de Meer,[]
Turffstech,[]
"] Zijl binnen Haerlem,",[]
de haven van Lisbon,[]
Bruekelen,['breukelen']
t Cathuysersconvent,[]
Marckte,['marke']
't Groote Slop,[]
r Haerlem,[]
Nieuwland,['nieuwland']
cuijpers galghe,[]
Diimermeer,['emmermeer']
Lelie,['leiden']
Gascoengen,[]
Zelant,['zeeland']
van der Goude tot Montfoerdt,[]
sinte Anthonisdijck,[]
Hooft,[]
Vranckrijk,[]
Cleyn Ammers,[]
Scalkwijckerpoort,[]
Hertengebosche,"[""'s-hertogenbosch""]"
Spaigniaerden,[]
Schupstoel,[]
scansen op sint Anthonisdijck,[]
Haerlems,['haarlem']
Roomen.,[]
H. cruyss,[]
Medenblijck,['medemblik']
aen de stoep van Jan Vermur,[]
Bruessel,['brussels']
se Nederlanden,[]
Middelburch,['middelburg']
Delftse,['delft']
Orschot,['oirschot']
Groote kerck ende opt kerckhooff,[]
doncq aende Vuchterpoort ende aende hinthamer,[]
Een suster van Oudewater,[]
Bolswaert,['bolsward']
Borrendamme,[]
Enckusen,[]
's Hertogen-Bosch,"[""'s-hertogenbosch""]"
t logement van Cornelis Jan Ghijssen op die Merct.,[]
het dorp Murmer,[]
tconvent van der Lelie,[]
Philistinen,[]
hollantsche,[]
Valenchin,[]
Catharinen-poorte,[]
dezen vreijheijt',[]
die cleijne sluijs.,[]
Hollantse,['hollange']
Ultraiecti,['utrecht']
"Boxtel,",['boxtel']
den Waterlantse dorpen,[]
corenstraet,['groenstraat']
Spaeinse,[]
sint Catharynengasthuys,[]
den Donck binnen Amsterdam,[]
Vuchter,['vught']
Sclicksteech,[]
Cortehaerlem,[]
Adriaen van Groen,[]
DOverijselse,[]
Luyck,[]
Camrijk.,[]
Ouderschie,['overschie']
Cockengen,[]
sinte MariÃ«nwaert1,[]
Camerick ontrent Woerden,[]
ten kerck tot Heyloe,[]
die Leproosenhuijs buijten Haerlem,[]
Syon,['hyon']
den befaemde convent van de Magdalenen binnen der Goude,[]
Albanosen,[]
Neerden,['woerden']
der Aer,['berlaar']
ten Kinckhorst,[]
convents te Zijl,[]
Visbruck,[]
Spaegniaert,[]
dAmsterdamsche conventen,[]
Schiedam,['schiedam']
Beden,['bredene']
convente tot Zijl,[]
de Meijerije,[]
Ouwater,['oudewater']
Houtbrug,[]
die Baen,[]
Noordelant,['noordeloos']
die Houf,['de hoven']
Coningstraet,[]
Abdiessen tooren,[]
Celderveene,['ederveen']
Brokel,['brakel']
Santfoort,['montfoort']
Tongerlo,['tongerlo']
helmont,['helmond']
het convent tot Zijl,[]
Asswero,[]
Vollenhoo,['vollenhove']
Vleijshuijs,[]
Brederodes huijse int St. Jansstraet,[]
Santpoort,[]
de Lange brug;,[]
binnen den convent ter Lely binnen Amsterdam,[]
Nobelstrate,[]
St. Geertruden,[]
het convent van sint Agnieten,[]
Nieuw,[]
Nijmwegen,['nijmegen']
scans ende rondeel op sint Anthonisdijck,[]
Beverwijck,['beverwijk']
Dreijschorre,['dreischor']
Gasthuys bouhuys,[]
Osterp,['ureterp']
een susterconvent buyten den Briel,[]
's lands van Schouwen,[]
"Enschodt,",['enschot']
het Leproos- ende tgasthuys te Lopsen,[]
Bergen op Soom,['bergen op zoom']
Vlaendren,['valendries']
Spanjaarden,[]
Windezem,['winsum']
Coolen,['olen']
Crommenie bij Ascendelft,[]
die Zijlpoort,[]
shertogenbosch,"[""'s-hertogenbosch""]"
die Maes,['de maer']
breda,['breda']
Cruijs,[]
tusschen Amsterdam ende Ouderkerck,[]
Zirriczee,['zierikzee']
Cleijne Heijlighe lant,[]
"Riel,",[]
Schalckwijcker poort,[]
over die Meer,[]
Oudewaeter,['oudewater']
Maasland,['maasland']
die Dortsche Waert,[]
op den wech nae Haerlem,[]
"Oiden Roden,",[]
Ste Bavoen kerck,[]
Sint Margrieten,['sint-margriete']
't nieuwe hoofdt,[]
Napels,[]
de Plaate,[]
Geffen,['geffen']
Eedam,['edam']
de Oude brugge,[]
ontrent den slaper van het Hontsboch,[]
Het Cathusersconvent buyten Amsterdam,[]
een dorp bij Alckmaer,[]
Oirschodt,['oirschot']
"Goirle,",['goirle']
Meer van Haelmeer,[]
den Magdaleenenconvent van der Goude,[]
s’ hertogenbossche,"[""'s-hertogenbosch""]"
de hoek van Altekleijn,[]
Holst,['aalst']
binnen Leyden,[]
Camerinck,[]
Leuven,['leuven']
Isseren,['jesseren']
in den Meer,[]
Brussel.,['brussels']
Sparen,['spangen']
het Dijkwater,[]
een scans bij Goeverwel,[]
Voorborch,[]
Alckmaer,['alkmaar']
Vlaerdinck,['vlaardingen']
Sherto,[]
Alsmerberg,['alsemberg']
Blockum,[]
huijse van Zijbrandt van Berckenroe,[]
Die passagie na den Hage is wederom onveylich,[]
"het gehele plattelant tusschen Leyden, Woerden ende der Goude",[]
Coppel ende Delfshaven branden,[]
sint [,[]
Nyeveen,[]
OCTOBER,[]
tconvent van Beverwijck,[]
de clooster,[]
Cleijne Houtpoort,[]
convent van der Lely,[]
t bolwerk van Abtekleijn,[]
"het convent van der Lely,",[]
t Leproeshuys voer Haerlem,[]
Duytsen,['muizen']
Ameyde,['ameide']
Gerrit Fransz. brouwers,[]
Aelstdijck,[]
Vlissinghen,['vlissingen']
de Lind eyndt,[]
Silverschoen1,[]
Bemmel,['bemmel']
Kattenberch,[]
de Oude Kerck binnen Amstelredam,[]
Bommelaerse,['bottelare']
Thienen,['tienen']
Drie-heringen-erue neffens het Vroetsteechken,[]
"Oisterwijk de vreijheijt,",[]
Punierscoemst,[]
Sparwouwer poort,[]
"t Sparen,",[]
Diemmerdijck,[]
den Brie,['brielle']
die Groote kerix portaeldoer,[]
Wuythoern,[]
t casteel,[]
Bergen in Henegouwen,[]
Antwerpse,['antwerpen']
herlaer,['berlaar']
de Zuijddijk bij Hoog-Weldamme,[]
Turnhout,['turnhout']
ter Lelye,[]
Berghen op Zoom,['bergen op zoom']
Geervliet,['watervliet']
den dijck tot Haerlem,[]
Gent,['gent']
convente des Witte Heeren,[]
Haren,['haren']
St. Joosmeet,[]
Delflant,[]
Grooten hooff,[]
Ou-derkerck,['ouderkerk aan de amstel']
Cruijspoort,[]
Loven,['loven']
tusschen Haerlem ende Leyden,[]
Colster,['monster']
Reguliersclooster  buijten die stede gelegen,[]
die Groote Kerck,[]
Brabandschen,[]
Eemden,['beegden']
Leyenaers,[]
Waelsche,[]
Maestricht,['maastricht']
huijskens van de Camp,[]
clooster van die Carmeliten,[]
hoeck ther Catharinen-poortwert,[]
Ackersloot,[]
Schootervelt,[]
Waterlantse steden,[]
Meyerye,['meyerode']
Hertshooft,[]
Houtstraete,['hoogstraten']
Empel,['empe']
Monickendam,['monnickendam']
Zwartesluijs,[]
noorder meente,[]
Die Groote kerck,[]
sinte Pieters oft sint Pancraskerk,[]
t convent van sint Agnieten,[]
Bruynswijkers,[]
die Grote kerck,[]
Berchem,['berchem']
het Penningsveer,[]
opt casteel,[]
Ouwerkerke,['ouderkerk aan de amstel']
Wollersgracht,[]
die Hollantse steden,[]
Hoern,['hoorn']
St. Margriete,['sint-margriete']
t convent van Lely,[]
Van Leyden,[]
Lange brugge,[]
stichte van Vtrecht,[]
van sinte Magdalena ter Goude,[]
Goesen,['groessen']
Vors,['forest']
Auwater,[]
sHertogenbosch,"[""'s-hertogenbosch""]"
Backenesse kerckt,[]
den convente der Agnieten,[]
Haamstede,['haamstede']
Arnhem,['arnhem']
die Lange brugghe,[]
Accoy,[]
Naneganc,[]
Dijkwater,[]
Mercktvelt,[]
St. Bavoen kerck,[]
noordzijde van de westewijck,[]
"Paeslo,",[]
e Nobelpoorte,[]
Spaenschen,[]
Scalckwijck,[]
Eyndhoven,['eindhoven']
Groote kercxstooren,[]
Oestsyde,[]
Switsers,[]
burghemeesters camer,[]
dat stadthuijs,[]
de Collaciebroedersconvent,[]
huijs van Antwerpen,[]
duytsch,[]
"den castelen van Gent, Valesijn, Antwerpen",[]
Beemdencreeck,[]
den Gulden Wagen tot Jan Bartelmeeusz. in die Groote Houtstraet,[]
Calis,[]
varken marckt,[]
henegouwen,[]
Heemskerck,['heemskerk']
Haech,['haacht']
"huijse van Gerrit Stuver, wonende in St. Jansstraet",[]
Bochomen,[]
Leprosenhuijs,[]
het dorp ter A,[]
Amster-dam,['amsterdam']
de rivier van Oosterwijk op 's Bosse,[]
tPenixsveer,[]
t Blocke Regulierenconvent buyten Hoorn,[]
den Reguliersdijck niet verde van Oudekerck,[]
Ridtzeel,[]
buyten sint Anthonispoert,[]
des Groete Kercks,[]
onsen schans in Waterlant,[]
convent Syon,[]
Spoel,[]
Conincksvelt,[]
stadt,[]
Oosterwijk de vreijheijt,[]
den Reguliersdijck tegen Diimermeer,[]
Aken,['alken']
Engelschen,[]
Schelt,['schelle']
het convent van Bommel,[]
die kerk van Borrendamme,[]
Naverre,['antwerpen']
"huijs ter Cleeff,",[]
Warmostraet,[]
Langendelft,['assendelft']
den Diimerdijck,[]
wallen,['wellen']
Harmelen bij de Lynscoten,[]
Rumoort,[]
Soetterwoude,['zoeterwoude-dorp']
Oosterpoort,['oosterhout']
den Haach,['the hague']
sint Aechte binnen Delft,[]
Waterpoortken,[]
Noorderquartier,[]
stadtshuys,[]
Wijck opt Zee,[]
Eemsteyn,[]
opt Sant tot Schoonderwoerdt,[]
tconvent van Zijl,[]
tIJe,['wijhe']
Rugge,['rugge']
ons convent van den Magdalenen binnen Amsterdam,[]
der Lee,['leek']
St. Pieters kercke,[]
die sluijs benoorden de soutkete,[]
Leydtsendam,[]
Ackersloet,[]
Ste. Anthonis Capelle,[]
sherto,[]
Elsburch,[]
Caege,[]
Gomorre,['goirle']
"die buytenbrug, daernae dat die binnenbrug, ja dat die Princecamere op Vredenborch",[]
op die Harlemerdijck,[]
Sperwouwer poorte,[]
Maes,['maarheeze']
die oostzijde van de Meer ende Rijck,[]
Groningen,['groningen']
der Lelye,['den helder']
het Cathuyserscovent,[]
gasthuijs van St. Elisabeth,[]
den convent tot Lely,[]
den huijse van Jacob Wittesse voor de nieuwe brugge,[]
Esch,['esch']
Compostel,[]
Linge,['liège']
Nederlantsche,[]
huijs ter Herte te gaen hallifwegen Amsterdam,[]
"Rustenburch, is een herberge",[]
binnen,[]
de revolteerde steden,[]
oude Vlissingen in Zeelant,[]
meghen,['megen']
op Maaije,[]
het clooster van S. Ursel  achter S. Catherine  in het Soetemelck Wijtebrootstraetken,[]
hinthamerpoort,[]
Isselsteyn,['ijsselstein']
Nieubrugh,[]
stadt vande Bossche,[]
Meulenstraet,[]
Hoorn,['hoorn']
Steenwyck,['steenwijk']
Noystraet,[]
poort vant Voorborch,[]
den Donck,['mendonk']
Schotse,['schoten']
orthenpoorte,[]
Parma,[]
"Cleijne Houdtpoort,",[]
't Galgrek omtrent Borrendamme,[]
Ste. Catherinenpoorte,[]
het geheele Nederlant,[]
poorte van Cathershoff,[]
Ste. Elizabeth-gasthuyse,[]
Goutse,[]
Sint Margrietenconvent,[]
ten huijse van menvrou van Nussenburch  opt het hoexcken van S. Jansstraet,[]
Rotterdam,['rotterdam']
Een nonne van S. Anna tot Delft compt ter Lely,[]
sint Urselen binnen Amsterdam,[]
in Noordelant,[]
S. Agnieten,[]
tBosch,[]
Maesse,[]
die Wetering,['oude wetering']
Endegeest,['adegeest']
Haelmer,['haaltert']
het convent tot [,[]
"Er stond aanvankelijk âSloeterdijckâ, maar dit is doorgehaald. stondt [Sloten.",[]
"achter die Leprosen, achter die Reguliers, tot Overveen ende int Bosch",[]
den,['uden']
ons lieve Vrouwe tot Leyden,[]
Goes in Zeelant,[]
an den Reguliersdijck,[]
St.,[]
Soeterwou,['zoeterwoude-dorp']
"St. Katerine ende die Langebrug,",[]
den Regulierspoert,[]
die passagie nae den Haege,[]
MariÃ«nhove1,[]
Haerlemermeer,['hoofddorp']
Heuijklom,[]
Valesijn,[]
groote kerck,[]
Houtpoort,[]
t dorp Pijnakel,[]
Het Leprooshuys wert ter Goude verbrant,[]
den Overtoom,[]
"Houdt of busch,",[]
den Claresusteren binnen der Goude,[]
ter Nieuwerherberch,[]
er Goude,[]
lande van Schouwen,[]
Leprosen,[]
het Meertgen,[]
te Leprosen,[]
ie Meer,['de meern']
die IJseldijck,[]
Diezen,['diemen']
Crocht,[]
's Hertogen=bosch,"[""'s-hertogenbosch""]"
Bueren,['buren']
Bacenessegracht,[]
de Kreijten Heije,[]
Grobend,[]
stadts blockhuys,[]
Noortgouwe,[]
eerff van St. Anthonis kerck bij de Scalicwijckerpoort,[]
Enckhuysen,['enkhuizen']
varken weijde,[]
thuys ter Hart,[]
(in Lantsloets van Brederode  en huijse,[]
Smeestraet,[]
tIJ,[]
hulst,['hulst']
Callenkote,['callenelle']
Sparwoude met die schans,[]
"de keeten aan de zuijdzijde van de Visschersdijk,",[]
Albanos,[]
Memelick,['melick']
Creieneest,[]
Aermuyen,[]
"wijckerwolt,",[]
"Berkel,",['beersel']
Hattem,['hattem']
Alckmer,['alkmaar']
Nieuhaven,[]
de waateren genaemt den Reijn;,[]
Nieupoort,['nieuwpoort']
Gestel bij Oisterwijk,[]
Zijlpoort (dat is die Westerpoort van der stat),[]
duytsche,[]
Spangen,['spangen']
Tiel,['tiel']
Langhe boom,['langenboom']
Acht clarisse nonnen comen bij mij ter Lely.,[]
de Nobelpoorte,[]
die Merckt,[]
den Haerlemerpoert,[]
Westcappel,['westkapelle']
met een schoone en claeren rivier genaamt de Kleine Aa,[]
Artoys,[]
westwijk,[]
Amsterveen,['amstelveen']
Hage,['the hague']
Edam,['edam']
Zijl,[]
Egmondt,['gemonde']
Vrnackrijck,[]
Viane,['viane']
Nijmweghen,['nijmegen']
in Ouderkerck bij Amsterdam,[]
Apcoude,['abcoude']
Bisschopsgrave,[]
"Blanckenham,",[]
het convent van Lely,[]
"die kreeke, genaamt die Scheet",[]
ontrent Sassem,[]
Amsterdamscher poort,[]
Sinte Gangheloff kerck,[]
Oude Schutsdoelen,[]
convent van Lely,[]
Dunghen,['den dungen']
Groote kerck,[]
Gascoengers,[]
Bommelderwaard,[]
de sluijs binnen der stede,[]
van Naemen,[]
Hoclem,[]
het Mannepat ontrent Haerlem,[]
den Haeghe,['the hague']
Kampen,['kampen']
Nieuwe stadt,[]
tSparen,[]
den convent van sint Agnieten,[]
Deurendaal,['veenendaal']
Gallighweert,[]
in de mont van den Meere bij den Overtoom,[]
Meghen,['megen']
Malten,['aalten']
zelant,['zeeland']
het Stadthuijs,[]
Ouderkercka,['ouderkerk aan de amstel']
Vechel,['veghel']
Oostgeest,['oegstgeest']
tconvent te Zijl binnen Haerlem,[]
"den convente sinte Agnieten binnen der Goude,",[]
Veer,['peer']
ons convent ons lieve Vrouwea,[]
Spanghien,['spangen']
eerdeuelt verbij die Viestege,[]
de Maas,['de haan']
Sint Jans poort,['sint jansklooster']
Doelhuis,[]
den Overtoom bij den stadt,[]
Remmerswael in Zeelant,[]
het oude convent tot Schiedam1,[]
hees,['hees']
het land van Ter Tholen,[]
Catwijck,['katwijk aan den rijn']
e Maase,[]
Oostwyck,[]
Zuytphen,['zutphen']
Nieuwesluys,[]
Amstelveen,['amstelveen']
Ste Catherinen steggen,[]
die Goukaede,[]
int lant van  Culenborgh,[]
Zuythollanders,[]
borgwal rontsomme de oude stat,[]
het convent terLely,[]
Spaeingers,[]
en Haeck,[]
"Clarissen1 buyten Alckmer,",[]
Sant ofte Marct,[]
Langebrugg,[]
Mastrich,['maastricht']
sinte Michiel,['sint-michiels']
driel,['driel']
Waerdenburch,['waardenburg']
het casteel van Hoij,[]
's Heetogen,[]
Vriesen,['vreren']
in de huysinge van Meus Lambertsz,[]
Langevillepoorte,[]
die Sundt,[]
Hilvarenbeek,['hilvarenbeek']
Craeijneest,[]
Lis,[]
daechs,[]
het fort op de Hardemee.,[]
guesen schans ontrent Delft op die vaert nae die Ketel ende Vlaerding beneffens die Schie,[]
Ultraiectum,['utrecht']
t convent sint Agnieten binnen der Goude,[]
gecoemen,[]
.] Anthonisdijck,[]
Shertogenbosche,"[""'s-hertogenbosch""]"
Coria,[]
Sparendamsche dijck,[]
Leck,['liège']
de Zijpe,['de knipe']
Den Clarissenkerck,[]
huysen van Gerrit Franszoon,[]
Noortwijckerhout,['noordwijkerhout']
Cruythof,[]
St. Bavos kerck,[]
Oostreweel,['oosterzele']
Houtstraet aent Sant,[]
Lincester,[]
Lutzenborch,[]
Tutrecht,['utrecht']
t convent te Poel,[]
de groote kerk,[]
Montfoert,['montfoort']
Spangnien,['spangen']
Clooster Marienwaert,[]
die Singel,['winkel']
in mijns vaders graft,[]
S. Agnietenconvent,[]
Zuijdselke,[]
Amersfoert,['amersfoort']
de Zuijdselke,[]
Stadtshuijs,[]
S. Margrieten kerck,[]
Onninger Straet,[]
Deldermont in Vlaenderen,[]
een schoon goet genaamt Ter Borgte,[]
hollant,['hoek van holland']
Spaanse,[]
Vtrecht,['utrecht']
die Sack,[]
St. Geertruijdenberg,['geertruidenberg']
Neomagum,[]
Plaetze tUtrecht,[]
het huys te Liesvelt,[]
Schooten,['schoten']
Wijck opt Zee wert verbrant,[]
die Margrieten binnen der Goud,[]
Wescappel,['westkapelle']
Haerlemsche,[]
casteel van Gendt,[]
Enijnchuijssen,[]
Gebet,[]
Walen,['balen']
bij den Overtoom,[]
ons convent,[]
wachthuijs van die Prins van Orangen opt Sant,[]
Croft,[]
Kaelesthooren,[]
Uytrecht,['utrecht']
Peuselaerssteech,[]
gans Hollant,[]
Steyna,[]
Backaenessegracht,[]
Waterlantse,[]
Kempelandt,['zeeland']
huijs te Berckenrode,[]
het Bosch,"[""'s-hertogenbosch""]"
Os,['oss']
Zeeusen,['meeuwen']
Holt,['halen']
mijne Magdalenenconvent,[]
beoosten-Duyvelandt;,[]
ten huijsse van men Heer van Opdam,[]
Ouderkerck op den dijck,[]
St. Elisabet gasthuijs,[]
Weste-,['westerlo']
Abcoude,['abcoude']
Middelburch in Zeelant,[]
Delft,['delft']
"Wolt,",[]
"Oerle,",['oreye']
die Caghe,[]
't groote gat,[]
Cuylenberch,[]
clooster St. Ursel,[]
onse convents,[]
Sassen,['assen']
Leckstroom,[]
Haerlem,['haarlem']
Moock op die heyde,[]
Oude Gracht aen beijde zijde die Gasthuijsbrugge,[]
Schalkwijck,['schaijk']
portaal voor de brugh op Vreborgh,[]
clooster van den derden regel van St. Franciskus,[]
Ramen,['namur']
den Drie coningen tot Zircksee,[]
Montfoort,['montfoort']
Voorburch,['voorburg']
poorte van Sincte Catharina,[]
Deldermont,['dendermonde']
die Margrieten,[]
woltpoorte,[]
Lit,['lith']
Lent,['lent']
't fort van Vijanen,[]
Thoff van Isselsteyn,[]
sint Agnietenconven,[]
Heestemde,['heemstede']
sommige toerens bij die Spaere,[]
die kerck van St. Jans clooster,[]
bosch,[]
Lely,['lelystad']
Maesluys,['maassluis']
Spaeingaert,[]
Spaanjaars,[]
Vollenhove,['vollenhove']
.] buyten Utrecht,[]
dorpen in Vlaenderen,[]
Oistenryck,['oisterwijk']
Het convent van sint Agnieten,[]
t'Utrecht,['utrecht']
Loeven,['leuven']
Gelder,['den helder']
het convent ter Lely,[]
franchois,['frankhuis']
Annasstraet,[]
Thiel,['tiel']
Cleijne Houtstraet,[]
Haven,['halen']
Sinte Katherine brugge,[]
"Zeelandt,",['zeeland']
blockhuijs an Scalckwijckerpoort,[]
Remmerswael,[]
bij den Haerlemerpoert,[]
Haaren,['haaren']
t stadthuijs,[]
Soelmont,['zoelmond']
Lecke,['liège']
een grooten berg genaamt de Hoogen Borgt,[]
het convent sint Agnieten binnen Amsterdam,[]
procgie kerk van St. Peter Apostel,[]
Weligen berch,[]
Wessanen,[]
Goudeâ,[]
Maessluys,['maassluis']
Eijnchuijsen,[]
Barendijte,[]
Impel,['impe']
Medenblick,['medemblik']
op Vreburch tot Utrecht,[]
Delfshaven,['delfshaven']
Marienwaert,[]
Houtstraet,[]
Lillo,['lille']
Donck,['maldegem']
die Leck,['leek']
Watérlant,[]
Spernowerpoort,[]
Lymmen,['lummen']
Vlissinghe,['vlissingen']
convente van sint Agnieten binnen der Goude,[]
het dorp van Wessanen,[]
den Eenhoern,[]
Steenwijkerwolt,['steenwijkerwold']
hertochs bosch,"[""'s-hertogenbosch""]"
de stadt van 's Bosch,[]
den Briel,['brielle']
Broekel,['boekel']
Coppel,['poppel']
Goude,['gouda']
't huijs van mijnheer van Serooskerke,[]
Schelde,['schilde']
Hardemee,[]
sint Anthonisdijck,['sint anthonis']
Overveijn,['overveen']
tconvent van den Claresusteren,[]
Palsgraef,[]
16 3 16 44 16 6 Jans poorten,[]
convent van St. Katherijne,[]
Marct,['mark']
steenwech,[]
Haerlemos,['haarlem']
de Poortvliedsche sluijs,[]
Minnebroederskerck,[]
Bossche,['asse']
Ste. Jacobs,[]
Steenwijck,['steenwijk']
"Lage Mierde,",['lage mierde']
sinte Margrieten binnen der Goude,[]
Lutzenborg,['culemborg']
Bagijnestraet,[]
Culenburgh,['culemborg']
Sassem,[]
henegouwe,[]
Grobendoncque,[]
Bodegraven,['bodegraven']
Watering,[]
Willigen,['de wilgen']
TAmsterdam,['amsterdam']
Lamme,['hamme']
Waelle,['welle']
de haven van St. Aunalandt,[]
Nimweegen,['nijmegen']
YtaliÃ,[]
S. Johans clooster,[]
drie scansen in Waterlant,[]
Scalckwijckerpoort,[]
Sodoma alias Gouda,[]
Brugge,['brugge']
berch,['berchem']
Sant of Merckplaets,[]
Spaensche,[]
Spijckerboor,[]
den dijk van Natteers,[]
Duijtzen,[]
ontrent dese tijt,[]
Veer op die Meer,[]
Molestraet,[]
Crocht over tHeijlich Geesthuijs,[]
opt huys te Colster,[]
Norderquartier,[]
Hamborich,[]
Gendt,['gendt']
t logijs van den stadthouder,[]
maestricht,['maastricht']
Koldehooren,['aldeboarn']
backhuyse van Composte,[]
zeelant,['zeeland']
der Lely,[]
Kraijennest,[]
Houdt,['den hout']
Bergen in Henegouwe,[]
Ouwerschie,['overschie']
Ouderkerc,['ouderkerk aan de amstel']
Rammekens,[]
Franicker in Vrieslant,[]
waert beneden het Spoel,[]
olde Abrugge,[]
huijs ter Cleeff,[]
Spaignien,[]
hinthamereynde,[]
Staveren,['stavoren']
"die Santpoort,",[]
Straetsberch,[]
die heerlickheyt van Steyn,[]
Wensveen,[]
Zijlbruge,[]
Hoogen dijck,[]
Ravestenium,['ravenstein']
Het Rabouts gasthuijs.,[]
kelder van Sint Janspoort,[]
Woirden,['woerden']
Oldenzeel,['oldenzaal']
Schravestrate,[]
Briel,['brussels']
Waterlandt,['waarland']
Alcmaer,['alkmaar']
Gansmerct,[]
"Holland,",['hoek van holland']
Luxemborch,[]
Brabandtsche,[]
Corte Gasthuijsstraet,[]
die IJsel,[]
het convent van sint Agnieten te Goude,[]
Franicker,['franeker']
Groeningen,['groningen']
tconvent der Regulieren binnen Leyderdorp buyten Leyden,[]
Backenesser kerck,[]
ontrent Pampis,[]
Engels,['de engel']
clooster van die Maddalenen,[]
Hagesteyn,['hagestein']
Meypoorte,[]
Sint Janspoort,['sint jansklooster']
Hoomborch,['froombosch']
binnen Amsterdam tot die Oude [,[]
Houtpoorte,[]
Hintham,['houtem']
Breda,['breda']
op die Harlemermeer,[]
Sint Jans clooster,['sint jansklooster']
huijsen van die Carmeliten,[]
aen de Rietcamer,[]
geheel Hollant,[]
de stadt van Utrecht,[]
sinte Agnietenconvent,[]
den Geldersche steden,[]
Groote Houtpoort,[]
Wuytgeest,['uitgeest']
IJseldijck,[]
bij die brugge van tconvent van Poel,[]
Bergen op Zoom,['bergen op zoom']
tconvent van der Lely,[]
Purmerent,['purmerend']
Hukelom,[]
Breestech,[]
Italiaanen,[]
den Beverwijck,[]
Hollantssche,[]
Zeelant,['zeeland']
Doort,['dordrecht']
Bruynswijks,[]
Noordorp,['noordhorn']
Backenesse kerck,[]
tusschen Haerlem ende Alckmaer,[]
het blockhuijs,[]
het huys te Cleef,[]
het Noorderquartier,[]
Hermelen,['nederzwalm-hermelgem']
Deurne,['deurne']
Haelmermeer,['emmermeer']
Leydsendam,[]
Diest,['diest']
Overtoem,['wolvertem']
Honthorst,[]
Meegen,['menen']
Stadthuijs,[]
sint Jans tot Amersfoert,[]
t Manpat,[]
den Meer,['den oever']
Compostels voorhuys,[]
St. Katherijnetooren,[]
in deezen vreijheijt,[]
cruydtoorn van Vreborgh,[]
Sparwouwer ofte Amsterdamsche poort,[]
Dom ende Aude Munster tot Uytrecht,[]
Boxhorn,['borne']
Soetermeer,['zoetermeer']
Berckeroostech,[]
het water de Ruy,[]
Waeterpoort,['westervoort']
Beusecum,[]
op het slot,[]
am,[]
Heukelem,['hekelgem']
Waterlant,['watervliet']
Emderlant,[]
Delbruch,[]
Tollestraet,[]
.] Haech,[]
Berghe,['berghem']
f. 217. v.,[]
"ten huijse van Hubregt Cornelisz., stedehouder",[]
Gravesant,[]
"Ziericzee,",['zierikzee']
Vugt bij den Bosch,[]
Hout of Bosch,[]
"t Spaeren,",[]
tot Lely,[]
t'eijnde het hoofd van St. Anneland,[]
Roseni,[]
Venloon,['venlo']
ons convent [,[]
clooster van die Predicaren,[]
Compostels backhuys,[]
Italiaenen,[]
.] Diimerdijck gelegen hadden nae die Wetering,[]
Schupstoele,[]
den dijk van de Maase,[]
ten huijse van Steffen Claesz. Soutman,[]
sint Agnieten binnen Amsterdam,[]
sint Agnieten binnen der Goude,[]
den schans tot Rustenborch,[]
Spaenger,['spangen']
Voerburge,['voorburg']
het convente van der Lely,[]
mase,['asse']
St. Nicolaes brugge,[]
Gelderlant,[]
het diep van Ter Tholenveel,[]
anghepoldert,[]
Abcou,['abcoude']
Looven.,['leuven']
Delfsiel,['delfzijl']
Waterlanders,['waterakkers']
Scheldt,['schilde']
thuijs te Rustenburch,[]
in alle dese Nederlanden,[]
Zijlpoort int Zuijden,[]
Brant in Waterlant.,['broek in waterland']
in Waterlant op den Nieuwendam,[]
Den Hage,['the hague']
Cleef,[]
Haerlemâ,['haarlem']
e Haven,['de haven']
Valckenberch,['valkenburg']
"Udenhoudt,",['udenhout']
Nieumeghen,['nieuwegein']
Overijssel,['overijse']
"Udenhout,",['udenhout']
ij tot Lelie,[]
Zierixzee,['zierikzee']
het convent van der Lelye,[]
op den Dam,[]
Oestelingeâ,['lettelingen']
de Creijten Heijden,[]
Haerlemmerlije,[]
Weert,['weert']
Preckersclooster,[]
Enchuijsen,['enkhuizen']
Scheerwolde,['schildwolde']
Meurs,['meers']
den dijk van Schouwen,[]
Locop,[]
den schans tot Rustenburch,[]
Visbrugge,['roesbrugge-haringe']
Op sint Anthonisdijck,[]
Braband,['brabander']
Hijlegom,['hillegom']
Woerden,['woerden']
Woltstraete,[]
Jaersvelt,['leusden']
Velser heij,[]
"Bergen , Henegauwe,",[]
die Leprosen buijten Haerlem,[]
Brabantse,[]
het huijs te Cleeff,[]
Heemsteâ,['heemstede']
casteel,['kasterlee']
het magazijnhuijs,[]
Overveen,['overveen']
Brabander,['brabander']
Haven licht,[]
Groote kercke,[]
Achterstrate,[]
tgheheele lant tusschen den Reguliers- ende sint Anthonisdijck,[]
den convent der Magdalenen,[]
Fuuijck bebruge,[]
Heuters,['heers']
Pockamer,['tolkamer']
"Poortambagt,",[]
Bakel,['bakel']
Arthois,[]
Workom,['workum']
buyten sint Anthonis poert,[]
Oudeschie,['oudeschild']
ontrent Mary van As,[]
Tielii,[]
den Magdalenen binnen Amsterdam,[]
die Santpoort,[]
Spermouwer poort,[]
tusschen Antwerpen ende tsHertogenbosch,[]
t Sant,[]
tcasteel van Gendt,[]
Gasthuijs,[]
Oosterlandtomme,[]
die seve molens,[]
Vlissingen,['vlissingen']
het casteel tot Antwerpen,[]
tOude Convent [,[]
andere des coninx [,[]
onder den Hout,[]
de Caech,['the hague']
den Bosch,"[""'s-hertogenbosch""]"
Dam,['damme']
Middelburg,['middelburg']
dOude Kerck,['ouderkerk aan de amstel']
Haerlemse,[]
Bergen op den Zoom,['bergen op zoom']
ons convent van sinte Marienpoel buyten Leyden,[]
Wittevrouwen-poorte,[]
Utrecht,['utrecht']
tgheheele lant,[]
den raathuijzen aldaer,[]
Diemermeer,['zoetermeer']
het huijs ter Herte,[]
Duijtsland.,[]
Gou,['grou']
Couloigne,['loupoigne']
Utrecht opt casteel,[]
Toledo,[]
Bosch of Holt,[]
Gulick,['gellik']
Houdtpoort,[]
Hoefflaken,[]
Tessel,['kessel']
Rijn,['rijen']
Roomburch,['froombosch']
de Monsterkerke,[]
dezer vreijheijt,[]
Gieerstraet,[]
hardenberger heijde,[]
eylant van Casant,[]
die van Egmont,[]
Dordrechtse,['dordrecht']
Oostsanen,[]
poorte (van) Vredenborch,[]
Spaegniaerts,[]
IJsele,['sijsele']
ons L. vrouwe poorte,[]
sinte Margrieten,['sint-margriete']
die sluyse aldaer,[]
thuys van Lockhorst staende te Warmen,[]
t Stadthuijs,[]
guesen blockhuys in den stadt,[]
doer sint Anthonisdijck in den Amstel,[]
Holpoort,['helvoirt']
Ste. Catherinen poorte,[]
Staveren in Vrieslant,[]
Maastricht,['maastricht']
Collaciebroederskerck,[]
Poort-Ambagt,[]
Langer Aer,['langeraar']
Diefdijck,[]
St. Caterinen brugge  opt Spaerne,[]
het Prins van Orangen Noorderquartier.,[]
de meijerij,[]
den Haerlemerpoort,[]
S. Janspoort,[]
Brussel,['brussels']
van S'hertogenbosch,"[""'s-hertogenbosch""]"
het clooster van die Barrendijten,[]
Groote kerck of St. Bavoss,[]
die Leckedijck,[]
"tvoorborch op de wal, genoemt die Scupstoel",[]
"zeelant,",['zeeland']
de St. Janskerk,[]
Gheertruyenberch,[]
Vuchtsen dyck,[]
Schonowen,['schoten']
gasthuijs ende S. Jansclooster,[]
Scaliwijckerpoort,[]
Onse Lieve Vrouwen kerck van Backeness straet,[]
Schanse bij Meppel,[]
cloosteren der Augustijnen,[]
Sneck,['sneek']
aen het Kruys op den Bagynentoorn,[]
Moock op der heyde niet verde van Mastricht,[]
Enijnkuijsen,[]
sint Aechten,[]
wijck,['de wijk']
huijse van Hendrick den Abt,[]
ons lieve Vrouwenkerck binnen Leyden,[]
Maastregt,['maastricht']
de geheelen vreijheijt,[]
Hintham Int Sant,[]
die stadt van Utrecht,[]
St. Janswech,[]
Tuerenhoudt,['turnhout']
Wael,['paal']
Someren,['someren']
't oosteijnde van Philippusland,[]
franchoisen,[]
den Couwenberg,[]
den steden in Hollant hem toegedaen,[]
Scalckwijcker poort,[]
Bergen op Soom;,['bergen op zoom']
deeze vreijheijt,[]
] ter Lely,[]
Bommelerweerdt,[]
Weteringe bij die Haarlemeermeer ende daer omtrent,[]
St. Janslandse sluijs,[]
bosche,['doische']
der IJsele,[]
Tyenen in Brabant,[]
die andere eijlande van Zeelandt,[]
Alsmeer,['aalsmeer']
den Harlemerdijck,[]
Die priorinne op die Goude stervet,[]
Lombardeijen,['lombardijen']
op Sijn Gen. Huyse int salet,[]
Grobbendoncq,['grobbendonk']
in Sinte Steffensbergh  binnen der selver stadt,[]
Naeltwijck,['naaldwijk']
brugge,['brugge']
op de dijk van St. Joostpolder .,[]
hedel,['hedel']
Culenborgh,['culemborg']
dese Nederlanden,[]
Gravezande,"[""'s-gravenzande""]"
Oyen,['olen']
die dijck van sint Anthonis buyten den stadt,[]
clooster der Jacopijnen,[]
Vreborgh,[]
sint Agnietenconvent,[]
in den bergh van Aert de Veer in de Molestraet,[]
Brusselle,['brussels']
Loecop,[]
Groote Kerck,[]
Reguliers clooster,[]
Penninckxsveer,[]
Zijlpoort,[]
tCalf.,[]
shertogenb.,"[""'s-hertogenbosch""]"
tusschen Jan Roons ende die Harlemerpoort buyten,[]
Vleischuijs,[]
oisterwyck,['oisterwijk']
den Magdalenen binnen der Goude,[]
die Scalliwijckerpoort,[]
buyten Enckhuysen,[]
Amsterdam,['amsterdam']
Japswoude,[]
Haerlemmermeer,['hoofddorp']
Die vaert tusschen Utrecht ende Amsterdam,[]
St. Janspoort.,[]
het convent van den Magdalenen tAmsterdam,[]
s den Turck,[]
de Slaken bij het hoog baken,[]
int Gulden Hooft,[]
.] die Goude,[]
Bunschoten,['bunschoten']
Joden,['roden']
Mase,['asse']
het Fael  in Zuydvlied(?),[]
Heyloe,[]
die Nieuwe Nonnen binnen Amsterdam,[]
bolwerck van St. Janspoort,[]
Romundt,[]
in de Binnenste stadt,[]
Paerdesteech,[]
S. Agnieten binnen Amsterdam,[]
Zijlwech,[]
opt hooch ontrent Noortwijck,[]
den Waterlantsen dijck,[]
ontrent van den Houte beneffens den duynen,[]
den Magdalenen convent binnen Amsterdam,[]
Baghijnhove,[]
Gertrudenberch,['geertruidenberg']
Schoenhoven,['schoonhoven']
Schalwijck,['schaijk']
die schoene conventen buyten Delf als Syon ende andere,[]
St. Katerijnen brug,[]
Die guesen sijn in den Haach,[]
die see verbij Enckhuysen,[]
convents van Poel,[]
t convent van den Clarissen binnen Amsterdam,[]
St. Jansstraet,[]
Vlissinge,['vlissingen']
Waelen,['balen']
in den Amstel,[]
den Langge brugge,[]
Melanen,['menen']
heusden,['heusden']
Baen,['balen']
"Vrieslant,",[]
Dampstraet,[]
Vlaerding,['vlaardingen']
die plattelanden ontrent Amstelredam,[]
Grob.,[]
Hussen,['zichen-zussen-bolder']
Niewendam,['giessendam']
Broekel [,[]
Renisse,['renesse']
opt Zant,[]
Goude opt casteel,[]
Iren,[]
Sonne,['sorinnes']
Alcuma,[]
Mokerhey,[]
Abdie,[]
tcastele van Vredenborch,[]
Onnen,['annen']
Vlaenderen,['steenderen']
Nymegen,['nijmegen']
Leyden bij de Haechse poert,[]
tAmsterdam,['amsterdam']
hemert,['gemert']
Sperwouerpoort,[]
Aernhem,['arnhem']
Raueswaye,[]
de pastoirie,[]
Geldersche,[]
de voors. prochgiekerk,[]
an de Lynschoten bij Woorden,[]
't nieuwe hoofd.,[]
Ste Catharijnen steeggen (Vroetsteeggen,[]
Langevilepoorte,[]
's Bosch,"[""'s-hertogenbosch""]"
Ierlant,['zeeland']
Louen,['borgloon']
op Diimerdijck,[]
ningen,['ingen']
lant,['gent']
Vucht,['vucht']
St. Jans int convent,[]
Compostels huyssinge,[]
Burgundioense,[]
het convent der Clarissen binnen Amsterdam,[]
"Vugt,",[]
Singelen,[]
Armuyen,['ruien']
Luijck,[]
de schanse van Ouderkerck,[]
die Groote Kercke,[]
in de huysinge van Peter Cool,[]
Gusekerck,[]
Tyenen,['tienen']
"St. Michielsgestel,",['sint-michielsgestel']
"Sinte Katerijnen brugghe,",[]
Nieuwe Hoofd,['nieuwenhoorn']
een huys te Colster,[]
nieue Ghereformeerde die Bacenesse kerck,[]
Ytaliaen,[]
Mastrigt,['maastricht']
Ouderkercke,['ouderkerk aan de amstel']
sluys Goeverwel ontrent Steyn,[]
het convent van der [,[]
Zelandt,['zeeland']
tOverveen,['overveen']
Schotlant,[]
Domstoorn,[]
Slicksloet,[]
tconvent der Oude Nonnen tAmsterdam,[]
"provintien als Holland, Zeeland & c",[]
die conventen in Wermont,[]
aan de Oist eijnde een raathuijs oft stadthuijs,[]
Spangniaerden,[]
Gravezant wert verdestrueert,[]
Coestraet,[]
"Overveen,",['overveen']
Meypoort,[]
Bullemans sluijs aan Bellert,[]
de Peel,['leek']
Culenburch,['culemborg']
Leckendijck tusschen den wintmolen  ende de Melaten  in den Elleboghe,[]
Camerick,['america']
Haestert,['haaltert']
Bremen,['brummen']
Baertel Jorisstraet,[]
de vreijheijt,[]
Haelmeer,[]
Treck van knechten,[]
Sandtfoort,['zandvoort']
Zeyspoorte,[]
Ravesteyn,['ravenstein']
Dordrecht,['dordrecht']
Quackelbrug,[]
Turcken,['werken']
Walse,[]
den Harlemerpoort,[]
"Groningen,",['groningen']
Breda.,['breda']
ter Lely binnen Amsterdam,[]
Sticht,[]
"Santfoort,",['montfoort']
binnen die schans van Alphen,[]
ontrent het huys tot Honingen,[]
deser vreijheijt,[]
Rooij,['ooy']
Bruesel,['brussels']
"Tilborg,",['tilburg']
int lant van Bueren ende Culenborgh,[]
Eijnthoven.,['eindhoven']
den Hage,['the hague']
Antwerpe,['antwerpen']
pesthuijs,[]
t huys tSwieten,[]
Fransoys,[]
gasthuijs,[]
de voorz. vreijheijt,[]
de schans van den Reguliersdijck,[]
Marckt,['marke']
Buerkercx toorn,[]
Amsterdamsche,['amsterdam']
de proeghiekerk,[]
Noyon,[]
"Agnieten binnen Schoonhoven,",[]
Shertogenbosch,"[""'s-hertogenbosch""]"
PontiaenVijffhuijsen,[]
Dornick,['tournai']
Schiedammer,['schiedam']
Goricom,['gorinchem']
Meppelt,['meppel']
die Minrebroeders1 met Roomburch1 // buyten Leyden,[]
"het dorp, Rijck",[]
die Barnditeclooster.,[]
Oesterlingea,[]
Lovesteyn,[]
de vijf dorpen onder Amsterdam,[]
Batenburg,['batenburg']
an de Blaeuwe Steen,[]
ter Lely,[]
fort van Scherpenoort,[]
t casteel tot Utrecht,[]
huysen van Couwenhouen,[]
Venlo,['venlo']
Lutsenborch,['bois-de-lessines']
e molen bij den Harlemerpoort,[]
duytslant,[]
Schalickwijckerpoort,[]
Spaignen,['spangen']
"die Beverwijck,",[]
steden in Waterlant,[]
Amersfoerders,[]
tusschen Utrecht ende Amsterdam,[]
Holt of Bosch,[]
Noortwijck,['noordwijk-binnen']
de Falibeghinen binnen Haerlem,[]
Scheveling,['scheveningen']
Emden,['emmen']
Aelst,['aalst']
oistenryck,['oisterwijk']
Sneeck in Vrieslant,[]
S. Bavoniskerck,[]
Hulzel.,['hulsen']
Grote kerck,[]
die dijck bij Coppel,[]
Lecken Goelberdinger dijck,[]
Magraet,[]
"et Nieuwe Hoofd,",[]
Berckenrode,['berkenwoude']
den Faliibaghijnhof,[]
tconvent tot Poel,[]
Pesthuijs,[]
int casteel,[]
Hoorne,['hoorn']
herwaerden,['heerewaarden']
Recrente,[]
Duytslant,[]
't fort van Scherpenoort,[]
dame,['damme']
Emmenes,['emmen']
Erp,['erp']
"de schans van Sparendam,",[]
Sodoma,[]
Sperwoe,['perwez']
den Minrebroedersconvent,[]
de Overijseles steden,[]
de IJsel,[]
Amsterdamse,['amsterdam']
Boxtel.,['boxtel']
Hollants,['hoek van holland']
Roemundt,[]
Vrieslant,[]
die halve marckt binnen den stadt,[]
convent van den Magdalenen,[]
thuys te Swieten,[]
Pynappelsche poorte,[]
Spagnien,['spangen']
Beoosten-Scheldt,[]
midde int klinket,[]
Overbetuwe,[]
Amersvoert,['amersfoort']
huijse van Berckenroe,[]
den Magdaleenen,[]
Ste. Cornelis cappelle bij de Groote Houtpoort,[]
Weerd,['weert']
Steendijck,['steenwijk']
shertogenbosche,"[""'s-hertogenbosch""]"
die Colster bij Heyloe,[]
alle die Hollantse steden,[]
grooten Baghijnhoff,[]
tcasteels Voorborch,[]
de Vriessche Wolden.,[]
het Leprooshuys,[]
den convente buy ten Delft,[]
weeshuyse; die vanden Houe Prouinciael,[]
het Noordelant,[]
Dyemen,['diemen']
'S HERTOGHEN,[]
Margrieten,['margraten']
die conventen binnen Amsterdam,[]
de Mart,['de maer']
Bergen,['bergen']
Groot Zeelant,[]
St.-Jansstrate,[]
hispanien,[]
die Reguliersclooster:,[]
Dieveren,['dieteren']
"Schagen tot Leyden,",[]
in de Meer,[]
Vriesland .,[]
Duytschen,[]
Cleijne Houdtpoor,[]
Venusdam,[]
"Pennigsveer,",[]
Vloten,['sloten']
Sobburch,[]
Ter Veere,[]
Merct,[]
Crabberdam ontrent Alckmaer,[]
het geheel quartier van Oosterwijk,[]
Mechelen,['mechelen']
Oldemarckt,['oldemarkt']
Overbetue,[]
Dotiche,['doische']
Lange Gasthuijsstraet,[]
Berckenroede,['berkenwoude']
Hooren,['hoorn']
Gestel,['westerlo']
Woorden,['woerden']
die seventien provinciën,[]
Lange brugghe,[]
Henegouwen,[]
de Sperwouwerpoort,[]
eijland van Duyveland,[]
die Wetering.,[]
Heijlo,['heiloo']
Fortuijn,[]
Heynderick Barentsz,[]
Sparwouwerpoort,[]
en Haghe.,[]
Vlaender,['vledder']
den poert van Delft,[]
St. Barnarsclooster in Brabant,[]
staten van hollant zelant,[]
Hierusalem,[]
Shertogen=,[]
Marck,['marke']
den Hem,['hem']
Spaeinaer,[]
"thuijs ter Hart,",[]
Harlemerpoort,[]
cruysschansse,[]
nova,['leuven']
"sinte Pancras te Leyden, van Enchuysen",[]
die sluys van Goeverwel,[]
bij thuys ter Hart in den Meer,[]
Heunaarsdijk,[]
Fuijck,[]
utrecht,['utrecht']
Nassau,[]
Voerschoten,['voorschoten']
Lande van Drenthe,[]
ontrent Alphen wuyt der Goude,[]
St. Jansclooster,['sint jansklooster']
t Sparen,[]
Nyemegen,['nijmegen']
Waterpoortcken,[]
Knodsenburgh,[]
t convent ter Lely,[]
St. Ursula,[]
Buyren,['buren']
den Zuijden,['huizen']
Spaingniaert,[]
Walcheren,['helchteren']
Boxtel,['boxtel']
Visbrug,[]
Naerden,['naarden']
Dort,['dordrecht']
binnen Amsterdam,[]
Fransoysen,[]
Eemde Eemde,[]
het convent tot Lely,[]
tconvent van Lely,[]
den Caech,[]
de Zuijdhavenpoorte,[]
t zuijder Nieuwlandt,[]
Oudekerck,['ouderkerk aan de amstel']
Stolwijck,['stolwijk']
den zuijddijk,[]
Sperwouwer,[]
Brabt,[]
't nieuwe hoofd,[]
Oosten int Vlie,[]
Zijl tot Haerlem,[]
Poel,['forest']
t huys van den Amerael,[]
Bewesten-Scheld,[]
tconvent van Poel,[]
Waddinxveen,['waddinxveen']
Spaerendam,[]
Sant,['gent']
Gorricum,['gorinchem']
Magdalenen,[]
Shertogenbossche,"[""'s-hertogenbosch""]"
Sparwoude,[]
de thuynen buyten der Goude,[]
hoochstraeten,['hoogstraten']
ontrent die Hoorne bij Syon,[]
Haerlemerpoort,[]
andere Oosterse steden,[]
Leproshuijs buijten Haerlem,[]
wall opde Schupstoel,[]
de zeedijk benoorden de keete deser stede,[]
Alcumae,[]
den Regulierspoort wuyt ende nae den Meer,[]
Doelen,['zoelen']
de Nieuwe Kerck,[]
ontrent het huys ter Hart,[]
Eijnthoven,['eindhoven']
Schaliwijck,['schaijk']
Oosterwijk,['oisterwijk']
] Nonnen,[]
Hillegom,['hillegom']
BOSCH,[]
poerte van Ste. Catharinen,[]
Sperwouer poort,[]
Valckenburch,['valkenburg']
St. Katerijne brugge,[]
in die scans van tCalf,[]
Vranckrijck,[]
Liessel,['liessel']
Bercoua,[]
Boscagienâ,[]
"conventualen van den heylige drie Coningen binnen Zirckzee,",[]
Olijphant,[]
Devendrecht,['duivendrecht']
Wijck op Zee,[]
goede gemeente ende stadt van Haerlem,[]
"Overtoom, niet verre van Amsterdam",[]
het klooster van Zion,[]
Duerstede,['wijk bij duurstede']
Raevensteijns,['ravenstein']
het Vlaminx-poertgen,[]
die revolteerde steden van Hollant,[]
int Noordelant ontrent Alckmaer,[]
Breussel,['brussels']
"Spaanzen,",[]
Noortselke,['moortsele']
zelants,['zeeland']
het oosteijnde jegens het droogste van de Zijpe,[]
die Marckt,[]
den Hout,['den hout']
den Haghe,[]
Tpeerdeuelt,[]
Delfs,['delft']
bij den Couwenberg,[]
't westeynde van der Zijpe,[]
f. 176. v.,[]
Landenvan Bueren,[]
Luyckerwael,[]
heeswyck,['meeswijk']
"ons lieve Vrou tot Leyden,",[]
Amersfort,['amersfoort']
het Haerlemerhout,[]
Vijfhuijsen,['vijfhuizen']
Heuckelem,[]
e Oude Schie,[]
Stadtsplaetze,[]
het stadthuijs,[]
Vianen,['vianen']
Achlem in Vrieslant,[]
Backenes,[]
Deventer,['deventer']
Egipten,['gieten']
Crongie,[]
Het Steen-,[]
sinte Pieterskerck,[]
Coppelle ende die IJsele,[]
Leydenaers,['leiden']
Walchgeren,['helchteren']
den Haech tot Haerlem,[]
het Carthuyserenconvent,[]
Gravenhage,['the hague']
Amsteldam,['amsterdam']
Waeldijck,[]
herpen,['herpen']
Leerdam,['leerdam']
St. Katerijnen,[]
Wanneperveen,[]
Vugt,['vught']
Over tgehele lant,[]
Lewarden in Vrieslant,[]
de Achterstraet  by het Susterenklooster,[]
binnen het convent ter Lely,[]
Berghen,['mons']
Sparen-,[]
Duytse,[]
Grobendonck,['grobbendonk']
tsHertogenbosch,"[""'s-hertogenbosch""]"
't land van Duijveland en Schouwen,[]
Colen,['tholen']
"Weijnanberge ,",[]
S. Jansstraet,[]
Ameniciehuys,[]
Vijanen,['vianen']
Scalwijcker poort,[]
Aelbersberch,[]
Uyttrecht,['utrecht']
Brouwerstegken,['brouwershaven']
Rhyn,[]
Grimbergen,['grimbergen']
Theurenhoudt,[]
Hoorenbrugge,[]
St. Jans ende St. Jacobs,[]
Bij Heyloo is brant,[]
den Scalwijckerpoort,[]
Creijeneest,[]
sint Agnieten1,[]
Braenck,[]
in de huysinge van HilligeWintgens,[]
an sint Anthonisdijck,[]
Schoonhouen,['schoonhoven']
het convent van den Magdalenen,[]
schans van den Fuijck,[]
van Shertogenbosche,"[""'s-hertogenbosch""]"
Gouwenaer,[]
Grobendoncq,['grobbendonk']
Grote Houtpoort,[]
Westmonstersen kercktooren,[]
Gouwe,[]
ten hove,[]
Poederuyen,['poederoijen']
Maerct,[]
t convent van sinte CeciliÃ«n,[]
Oudenaerden,['oudenaarde']
Horne,['hoorn']
Reguliers,[]
"sinte Agnietenconvent,",[]
Die schoene abdie van Egmondt,[]
sint Janskerck,['sintjohannesga']
beoosten-Duivelandt,[]
Tsertogenbossche,"[""'s-hertogenbosch""]"
Weteringhe,['poperinge']
tconvent ter Lely,[]
huijs ter Cleef,[]
Sneeck,['sneek']
den Magdalenen van der Goude,[]
op den Turck,[]
deventer,['deventer']
Culemborg,['culemborg']
de voors. vreijheijt -,[]
Rhijn,[]
lands van Schouwen.,[]
int convent ter Lely,[]
Benthuysen,['benthuizen']
den convente van den Minrebroeders [,[]
tsGravezande,"[""'s-gravenzande""]"
Camp,[]
achter Compostels huyssinge,[]
tlant buyten Amsterdam,[]
Nieuweveen,['nieuwveen']
"Brane,",[]
Oude ende Nieu haven,[]
Santfort,['montfort']
Suersee,['suarlée']
Vrancrijck,[]
stichts Vtrecht,[]
Lier,['lier']
Leydse,['leiden']
Oostwijck,['oostdijk']
Giethoorn,['giethoorn']
S. Jansclooster,['sint jansklooster']
de jonge Stichters bouhoff,[]
sint Thonisdijck,[]
niet verde van Amstelredam in Waterlant,[]
den convent der Agnieten,[]
Lingen,['linden']
Sint Jansstraet,[]
t Noorderquartier,[]
de selve Collaciebroederskerck,[]
s'Hartoghen-Bosch,"[""'s-hertogenbosch""]"
die Cathuysers buyten Delft,[]
Roemen,['groessen']
Oversteyn,[]
uyt den Wijck,[]
Spaeingaers,[]
Rijnlandt,[]
Aelsdijck,[]
t huys ter Hart,[]
sint Agnieten convent van der Goude,[]
Ste. Jacobs toorn,[]
an den Overtoom,[]
West-Vrieslandt,[]
Zuijd-Selke,[]
stadthuys,[]
Reenen,['menen']
die Grote Kerck,[]
die kerck van den Leprosen met sint Olivierscapel,[]
Schoonhoven,['schoonhoven']
Groningerlandt,[]
de Lange Straat,[]
de vreijheijt.,[]
Engelsghe,[]
Blocken1,[]
Alcmer,['aalsmeer']
Rustenborch,[]
Castilien,[]
Waelwyck,[]
t convent der nonnen op [,[]
Godekensland,[]
Zype,[]
Rosmeule,[]
tAmstelredam,['amsterdam']
Beverwijk,['beverwijk']
St. Janshof,[]
die passagie tusschen Haerlem [,[]
die Houtpoort,[]
Hout,['den hout']
der vreijheijt van Oosterwijk,[]
die Nieuwe Haven,[]
sint Margrieten binnen der Goude,[]
Ter Goude,[]
Amersfoort,['amersfoort']
deezen vreijheijt.,[]
Huijkelom,[]
Schalwijckerpoort,[]
"sinte Pancras tot Leyden,",[]
Duytscher,[]
vreijheijt,[]
Naerdenhout,[]
dat stadhuys,[]
Doms-capittelhuyse,[]
huijs te Cleeff,[]
Vijfsluysen,[]
St. Lauwereys,[]
Steenwiick,['steenwijk']
sint Aechten tot Delft,[]
Montfoordt,['montfoort']
.] ende den Hage,[]
den dwarsschenkel bij den sluijs.,[]
den dorpen om Amsterdam,[]
Carspelen,[]
opt stadhuys,[]
thuijs te Cleeff,[]
Zirixee,[]
Engelsen,[]
die Haerlemmeermeer,[]
Heemstede,['heemstede']
Namen,['namur']
Coppel teynder IJsel,[]
St. Jans convent,[]
Leuwen,['leeuwen']
Ouwerkerck,['ouderkerk aan de amstel']
Lammen,['lummen']
meyerye,['meyerode']
Tricht,['tricht']
weert,['weert']
Zijlbrug,['zeilberg']
Oosterpoorte,[]
St. Bavoss kercke,[]
Dieden,['diemen']
den Dam binnen Amstelredam,[]
Ouderkerck buyten Amsterdam,[]
de stadsveste omtrent die Westpoorte,[]
Hoosden,['heusden']
Poppemeet,[]
Minnebroeders kerckhooff,[]
spaensche,[]
Weeuwen,['meeuwen']
Reinsburg,['rijnsburg']
Asperen,['casteren']
clooster van die Witte Heeren,[]
Luijk,['liège']
Bruynswijckse,[]
ontrent den Regulierspoert,[]
Enckhuysers,[]
neffens sint Anthonisdijck,[]
weteringe,['teteringen']
tcapelleken an de Langhe brugghe,[]
Egmont,['agimont']
Enschodt,['enschot']
ezen vreijheijt,[]
St. Gangeloff kerck,[]
binnen Amsterdam ten convente der Nieuwe [,[]
Assendelft,['assendelft']
Terra noba,[]
vande Bossche,[]
"17 provintiën over Hollandt, Zeelandt, West-Vriesland endo Utreeht",[]
Am-sterdam,['amsterdam']
Voorborcht,[]
Waeldijck tot Bemmel,[]
voer den Diimmerdijck,[]
Spaengers bij het Rammitken,[]
den Haech,['the hague']
Cruijsstraet,['kruisstraat']
"Hoogmierde,",['hooge mierde']
het dorp van Egmont,[]
] Nederlanden,[]
in den Meer voer Haerlem,[]
gevangenpoort,[]
Luysbos,[]
de Slake het fort op den hoek van de slikken,[]
die Leprosen,[]
Uutrecht,['utrecht']
Zuydampoorte,[]
Maddelenestraet,[]
Hont,['mons']
het convent van de Nieuwe Nonnen,[]
den deijk t'eynde de keete,[]
Zuijd-Beveland,['zuid-beijerland']
Weverswellepoorte,[]
Ytaliaenders,[]
Hoochlandt bij Amersfoort,[]
Geneven,['genappe']
Vrancryck,[]
Zuijden toe int Bousse,[]
tseelant,['zeeland']
Culenborch,['culemborg']
Brouwershaven,['brouwershaven']
brugge int Spaeren nae het Bosch,[]
Litzenham,[]
thuys tot Lovensteyn,[]
Havelte,['havelte']
de dorpen om Amsterdam,[]
haerLeM,['haarlem']
"die Velserdijck,",[]
Magdalenen binnen der Goude,[]
Amsterd,['amsterdam']
onse schans an den Nieuwendam,[]
Bosch,[]
t convent van der Lely,[]
Cleeff,[]
Ausburch,[]
Amsterdan,['amsterdam']
tusschen Ouderkerck ende Amstelredam,[]
Lingendijck,[]
gheheel Vrieslant,[]
Ascendelft,['assendelft']
Pijnakel,['pijnacker']
op sint Anthonisdijck,[]
Holland,['hoek van holland']
Romcher kercke,[]
den paeus,[]
het huys te Does,[]
Leydenâ,['leiden']
bommelschen,[]
Polsbrouck,['melsbroek']
IJselsteyn,['ijsselstein']
de Regten Straat,[]
Haelmeer bossch,[]
Megen,['megen']
Grevelinge,['scheveningen']
Romund,[]
sinte Margrietenconvent,[]
den Voelwijck,[]
Rustenburch.,[]
's Hertoghenbosch,"[""'s-hertogenbosch""]"
Westlant,['westerland']
Druenen,['rhenen']
Langeville poorte,[]
S. cruyspoor,[]
Clarissen ter Goude,[]
Geertruydenberghe,['geertruidenberg']
Schalckwijckerpoort,[]
den casteelen tot Oosterwijk,[]
Romen,['comines']
Uthrecht,['utrecht']
Heteren,['heteren']
Italiaanse,[]
Spaengerts,[]
den ker(k)hof,[]
binnen den Haech,[]
de Noordzeijde van de Kerkstraat,[]
Naningan,[]
Lant van Culenborgh,[]
Westersobburch,[]
Rhenen,['rhenen']
Gorcum,['gorinchem']
Amstelredam tot Sparendam,[]
stadthuijs (,[]
Woird,[]
t huys te Hulst,[]
den Magdalenenconvent,[]
St. Gheertruij tot Loiven,[]
Castricum,['castricum']
het bouhof op Steenweert,[]
Groben,['groessen']
Van tconvent van Zijl.,[]
Groote mart,['grootegast']
Sertogenbosch,"[""'s-hertogenbosch""]"
Delphenaers,[]
Rijswijck,['rijswijk']
Haerlem.,['haarlem']
S. Janskerck,[]
Valckenborch,[]
Haestrecht,['haastrecht']
Noede,['neede']
Mart,['mark']
Poederoyens,['poederoijen']
dAgnieten ter Goude,[]
Leprooshuijs,[]
Noordelant ontrent Enckhuysen,[]
Magdalenensusteren ter Goude,[]
Hoochduytsche,[]
Geertruden Berch,['geertruidenberg']
Hendrick van Wamelen burgemeesters huijse,[]
Cruijspoorte,[]
Leyderdorp,['leiderdorp']
Spaense,[]
het lant van Voorn,[]
Jan Putanenhuijs,[]
binnen Delft,[]
Stadtplaetse,[]
Asendelft,['assendelft']
Langhe ende Corte Veerstraet,[]
t convent [,[]
die Cruijswech voer het blockhuijs,[]
sinte Catharinen binnen der Goude,[]
Waeterlant,['westerland']
binnen Amsterdam tot sinte Agnieten,[]
die dorpen onder Amsterdam,[]
die Visbrug,[]
die Waterlantse steden,[]
Sparen achter die Reguliers,[]
Gravezant,[]
Diemen,['diemen']
het fraterhuys van der Goude,[]
het dorp Bergen,[]
lands van Schouwen,[]
Maddaleenen,[]
Stooffsteechgen,[]
Zeeland,['zeeland']
Melheze,['milheeze']
't land van Schouwen,[]
Harderwijck,['harderwijk']
Beverwijck met die schans,[]
Franse,['frasnes-lez-buissenal']
Bommel,['lommel']
ter,[]
logement van Gerrit Stuver int St. Jansstraet,[]
's Hertogenbosch,"[""'s-hertogenbosch""]"
Beginhoff,[]
sint Catharynen1,[]
't huijs te Heijdelberge,[]
Burgundionen,[]
het Bettewaardsche schor,[]
"het Sloot,",['het loo']
de Oude Kerck,[]
Vries,['vries']
Bakanessergracht,[]
sint Margrietenconvent,[]
Spaengers,[]
Aelsmeer,['aalsmeer']
Heemmerd,[]
huijs ter Herte,[]
S hertogenbossche,"[""'s-hertogenbosch""]"
Goes,['goes']
den schans van den Fuuijck,[]
Vecht,['vught']
ontrent Dovendrecht bij Amsterdam,[]
Obdam,['obdam']
Schalwijcker wech,[]
op den Haerlemerdijck,[]
Agnieten ter Goude,[]
Lange Brugge,[]
Bewesten-Schelde,[]
Tstichte,[]
polders van Schouwen,[]
den Vaert,[]
"Visschersdijk,",[]
die Craen int Anckercken aent Hooeft,[]
de Geere,['de weere']
ons convent van den Donck,[]
.] binnen Amsterdam,[]
Switserlant,[]
het Duyvelshooft,[]
Tijdinge van Alckmaer,[]
den Magdalenen ter Goude,[]
en Haerlemerdijck,[]
het Dijkwater bij Campers Cruce,[]
het sluijs,[]
Hardenberger heijde,[]
in den Nederlanden,[]
land van Schouwen en Duijvelandt,[]
t falyebeghijnhof,[]
Ouderkerck,['ouderkerk aan de amstel']
den wullenambagt,[]
de Meijerij,[]
's Hertogen Bosch,"[""'s-hertogenbosch""]"
Haerlemer muyer,[]
achter St. Jacob bij onsen cruyttoorn,[]
Westwijk,[]
"Peter Rijckmael ende Dibbit Rutgers, den huysman die op het bouhuys woonden",[]
Syon tot Amsterdam,[]
het fort Vijanen,[]
Schaschelstraet,[]
Diimen,['diemen']
Cathers huyse,[]
te Catherinen poort,[]
Magdaleenen,[]
St. Andries schansse,[]
Hollandtsche,[]
den Amstel,['ouderkerk aan de amstel']
tSlooterdijc,[]
t convent van sint Anna,[]
Burchwal,[]
den Catharynenconvent binnen der Goude,[]
den Hage ende wuyt andere dorpen daerontrent,[]
Mens,['mons']
Sloeten,['sloten']
Colderveen,['overveen']
Blockhem,['lochem']
Swol,['zwolle']
de Schie,[]
Nimwegen,['nijmegen']
Bruysel,['brussels']
Anckercken over die Craen,[]
Drenthe,[]
Princenhuys,['princenhage']
den [,[]
Peellandt,['zeeland']
Visburg,['duisburg']
ontrent Castricum,[]
duytsen,['muizen']
huijs te Herte hallifwegen den dijck van Amsterdam,[]
Tamersfoort,['amersfoort']
in Hollant,[]
het Manpat,[]
Tienen,['tienen']
Wermondt,['dendermonde']
den convente ter Lelie,[]
Schouwen,['schoten']
vlaenderen,['steenderen']
Nimmege,['nijmegen']
Rustenburch,[]
Vooelwech,[]
Poldervaert,[]
Tyel,['tiel']
Niemeghen,['nijmegen']
Meer van Haerlem,[]
ontrent Lis,[]
thuys Verlorencost,[]
den Dam,['den ham']
"Spaignarden,",[]
sinte Catharynengasthuys,[]
"Haerlem,",['haarlem']
sekere steden van Vlaenderen,[]
Oude Schutsthoren,[]
"Waalwijk,",['waalwijk']
clooster van de Augustinen,[]
Artois,['sint anthonis']
lant van Hollant,[]
Sevenhuysen,['zevenhuizen']
Camperseruce,[]
Sluys,['sluis']
op die [,[]
Diimmerdijck,[]
Gouwenaers,[]
convent van de Zijl,[]
onse schans op sint Anthonisdijck,[]
den Falibeghinen oeck tot Leyden,[]
ant Sant,[]
den voors. vreijheijt,[]
Zeelandt,['zeeland']
Monikedam,['monnickendam']
poorte,[]
Antwerpen,['antwerpen']
het geheele lant,[]
S hertogenbosche,"[""'s-hertogenbosch""]"
"Sparendam,",[]
Turck,[]
Oostlant,['oosterland']
Vredenburch,['vredenburg']
Roomen,[]
Wijck,['de wijk']
de duynen bij Haerlem,[]
Veere,['veerle']
Soetermelck witte brootstraetken,[]
tgehele Noordlant,[]
"Bergen, Henegau",[]
Herthegenbosse,"[""'s-hertogenbosch""]"
Scalckwijckerwech,[]
Gerrit Bosten huijse op die Merckt,[]
Haestrechtâ,['haastrecht']
Grobedonck,['grobbendonk']
die Veluwe,[]
Hoomberch,[]
Craijeneest,[]
Arnemuijden,['arnemuiden']
Tsertogenbosche,"[""'s-hertogenbosch""]"
binnen Oudewaeter in den Doelen,[]
de galge op de gorsinge,[]
Bremer,[]
Engelsche,[]
het casteel,[]
Geldre,['geldrop']
dAmsterdamse,['amsterdam']
Asten,['asten']
tsertogenbosche,"[""'s-hertogenbosch""]"
herberghe van de vergulden Waghen tot Jan Bartelmeeusz. in de Groote Houtstraet,[]
den Diimerdijck buyten Amsterdam,[]
den Reguliershof,[]
Berghen in Henegouwen,[]
Elshout,['elshout']
die merckt an het stadhuys,[]
Worcum,['gorinchem']
Weuwen,['leeuwen']
int lant van Culenborgh,[]
den Scalckwijckerpoort,[]
Meppel,['meppel']
Baginestraet,[]
Hollantsche,[]
Sparendam.,[]
Preckers clooster,[]
de voors. vreijheijt,[]
Oosterweel,['oosterzele']
Enchuysen,['heythuysen']
buyten voer Amsterdam,[]
"Wrack, een water omtrent Hooren",[]
die Meere,['made']
"lant van Culenborgh, Bueren ende de nabueren",[]
Westewijck,[]
Aelsmer,['aalsmeer']
S hertogenbosch,"[""'s-hertogenbosch""]"
op den Meer,['prinsenbeek']
Oudewater,['oudewater']
Culemborgh,['culemborg']
casteel van Vtrecht,[]
Tilborg,['tilburg']
Busch,[]
die Lange brug,[]
den Magdalenenconvent binnen Amsterdam,[]
Sparwouw,[]
Harlemerdijck bij thuys Ter Hart,[]
Borrendam,[]
Spangniaerts,[]
Rhynberch,[]
die schoene kerck van Sloetenb,[]
de Collaciebroederskerck,[]
thuijs ter Hert,[]
Uterschen,[]
Oisterwijk,['oisterwijk']
den Leytsendam,[]
Geertruyenberch,['geertruidenberg']
kerke,['maarke-kerkem']
den dijk van Noordgouwe,[]
Pijntooren,[]
tghehele lant,[]
Corstendonk bij Turenhoud,[]
Zutphen,['zutphen']
den Magdaleenen convent ter Goude,[]
Sint Jans Kercke,[]
Sijlwech,[]
buyten Delft bij den Leprosen,[]
Arckel,['arkel']
Lombartsteechen,[]
een geweldige scanse te Elpendam,[]
Die Minrebroederskerck,[]
"het fort op de Hardemee,",[]
Bograven,['borgharen']
Steyn,['stein']
ontrent Amsterdam,[]
Svol,['zwolle']
den Agnietenconvent,[]
s ter Lely,[]
die Utersche vaert,[]
heyen,['hoorn']
Fuuijck bij den Meer,[]
den Turck,[]
Lotring,[]
Wuytrecht,['utrecht']
Wesop,[]
Maseyck,['maaseik']
Zirckzee,['zierikzee']
t huys genaemt Costverloeren,[]
Blocken bij Hoorn,[]
Spaeingen,['spangen']
Oude Naerden,['oudenaarde']
.] Nonnen,[]
Kempeland,['kamperland']
Loenen,['loenen']
het huys te Honingen,[]
thuys te Warmont,[]
Diest.,['diest']
Ritzeel,[]
het huijs ter Harte,[]
het eijland van over-Slake,[]
de Bosche,"[""'s-hertogenbosch""]"
St. Janspoort,[]
die Kunder,['kuinre']
Uuytrecht,['utrecht']
thuijs ter Herte hallifwegen Amsterdam,[]
voors. vreijheijt,[]
statsgraften,[]
met een waterpoorte,[]
die schoene kerck van mijn sint Agnietenconvent binnen der Goude,[]
Maersluijs,['maassluis']
Duytsche,[]
de Ronde Veenen,[]
het convent van der Lely,[]
huijse van Vincent Jacobz.,[]
Reynsburch,['rijnsburg']
Leyden,['leiden']
het leprosenhuijs,[]
.] Lely,[]
"den reijken fratershuijs tot 's Bosch,",[]
tUytrecht,['utrecht']
Lingedijck,[]
Terra,[]
den dijck in Waterlant,[]
Zassen,['assen']
sinte Agnieten,[]
die Meer van Haerlem,[]
Weesep,['weesp']
tconvent van BethaniÃ«n binnen Amsterdam,[]
Meer,['meer']
Noordelantsche dorpen,[]
buyten Amsterdam,[]
Warmen,['warten']
Leyen,['leiden']
tconvent Roemen binnen Leyden,[]
denHout,['udenhout']
Spaengen,['spangen']
Hem,['hem']
Buren,['buren']
ontrent die Vaert,[]
die Marct,[]
closter van die Reguliers buijten Haerlem,[]
Lamberts,['antwerpen']
Haerlem in tconvent van Zijl,[]
Vriesland,['biesland']
Hemstede,['heemstede']
"ons convent tot Syon,",[]
het geheele Dijkwater,[]
Lemuyen,['leuven']
Soemerwech,[]
de Nieupoort over Schoonhoven,[]
Cruijswech,[]
Scalwijckerpoort,[]
Langebrugge,[]
Reynoy,[]
Parijs,['perwez']
Oude gracht,[]
Gheertruijdenberg,['geertruidenberg']
hooge,[]
In de regten straat,[]
Amerongen,['amerongen']
de stadsvesten,[]
landt,[]
Alphen,['alphen']
tot Mr. Gerrits huysinge toe,[]
Leckendijck,[]
Philippusland,[]
bant,['gent']
brug van den Holt over het Spaeren,[]
grooten Baghijnhove,[]
St: Jans Kamp,[]
Oisterwijk.,['oisterwijk']
die cappelle op den Nieuwen Haven,[]
huys tot Dullenborch,[]
Vuchterpoort,[]
ons convent ter Lelie,[]
de dorpen beneffens den Rijndijck,[]
.] binnen Oudewater,[]
Vijff huijsen an die Meercant,[]
Busse of Holt,[]
Velsen,['velsen-zuid']
genbosche,[]
Gasthuijs Straete,[]
convent van de Nieuwe Nonnen ter Lely,[]
Daelem,['dalhem']
Enchhuysen,[]
Boijs,['boirs']
deezen vreijheijt,[]
Staden,['staden']
die Streeck,[]
Ouderkerck op die IJsel,['ouderkerk aan den ijssel']
Goudse,[]
Heel,['heel']
in de Kempen,[]
Cage,['the hague']
Dyfdijck,[]
St. Annaland,[]
muer van Sinte Margriete,[]
Engelant,[]
Amstelredam,['amsterdam']
.] tot Gravezande,[]
het huijs te hallifwegen Amsterdam,[]
Sluypwijck,[]
Grave,['grave']
Somerwech,[]
Barrevoetestraet met St. Marthenshoefcken,[]
"Madrid,",[]
dien Hove van Hollant,[]
oss,['oss']
de Langstraat,[]
St. Jans poort,[]
Moerdrecht,['dordrecht']
t lant van Valckenburg,[]
Bisdom van Luyck,[]
Iselsteyn,['ijsselstein']
die Beverwijck,[]
Schott,['schoten']
Somerwech buijten die Scalckwijkerpoort,[]
Gasthuijspoorte,[]
die scansen in Waterlant,[]
Soetemelck wijtebroetstraecke,[]
den convente van Lely,[]
tusschen Sparendam ende Amsterdam,[]
Slupick,[]
Middelburg in Zeelant,[]
Spaengenâ,['spangen']
Nijeveen,[]
het gehele lant,[]
Vrancestegh,[]
Groote kerckxtooren,[]
maze,['mazée']
Apcou,[]
Berghen op Soom,['bergen op zoom']
den Overtoom buyten Amstelredam,[]
die Groote kerck,[]
lant van Culenborgh,[]
Oudewaters,['oudewater']
den Margrieten ter Goude,[]
Lant van Vyanen,[]
Hoichwoude,[]
het huijs te Heemstede,[]
Coelen,['zoelen']
Onse-Lieve-Vrouwepolder,['onze-lieve-vrouw-waver']
die Oude Weteringhe,[]
Fuijcke,[]
Den groote sluijs van Sparendam,[]
Tantwerpen,['antwerpen']
Leerdamme,['leerdam']
Slabberswerf,[]
Buerkerck,[]
Coppel bij Rotterdam,[]
Muyen,['muizen']
Droncken huijsgen,[]
